rank,name,fg_id,team,nfbc,cbs,yahoo,espn,rts,ft
1,Mike Trout,10155,LAA,1,1,1,1,1,1
2,Andrew McCutchen,9847,PIT,2,3,2,2,3,2
3,Clayton Kershaw,2036,LAD,4,2,3,3,2,3
4,Giancarlo Stanton,4949,MIA,3,4,5,4,4,4
5,Miguel Cabrera,1744,DET,6,5,4,6,7,5
6,Paul Goldschmidt,9218,ARI,5,6,6,5,5,6
7,Jose Abreu,15676,CWS,7,7,7,9,6,7
8,Carlos Gomez,4881,MIL,8,8,8,8,8,10
9,Felix Hernandez,4772,SEA,12,10,11,7,9,11
10,Jose Bautista,1887,TOR,9,11,10,10,12,8
11,Edwin Encarnacion,2151,TOR,10,16,13,11,11,9
12,Jose Altuve,5417,HOU,13,9,16,18,10,13
13,Anthony Rizzo,3473,CHC,15,12,12,14,19,12
14,Adam Jones,6368,BAL,14,18,9,16,13,18
15,Robinson Cano,3269,SEA,18,21,15,12,16,14
16,Troy Tulowitzki,3531,COL,16,14,23,13,14,19
17,Max Scherzer,3137,WSH,23,15,14,15,15,17
18,Anthony Rendon,12861,WSH,11,19,17,21,17,16
19,Chris Sale,10603,CWS,24,13,19,22,20,21
20,Yasiel Puig,14225,LAD,27,24,18,17,28,20
21,Josh Donaldson,5038,TOR,21,17,29,31,22,15
22,Madison Bumgarner,5524,SF,29,26,22,23,18,29
23,Stephen Strasburg,10131,WSH,26,23,24,19,24,33
24,Buster Posey,9166,SF,22,32,28,24,23,26
25,David Price,3184,DET,31,20,33,29,21,22
26,Michael Brantley,4106,CLE,20,30,27,26,30,23
27,Adrian Beltre,639,TEX,32,35,20,20,26,24
28,Jacoby Ellsbury,4727,NYY,19,22,25,27,32,34
29,Ian Desmond,6885,WSH,17,27,26,28,29,35
30,Hanley Ramirez,8001,BOS,25,29,21,30,27,38
31,Corey Kluber,2429,CLE,34,25,38,33,25,30
32,Ryan Braun,3410,MIL,28,37,31,32,35,31
33,Freddie Freeman,5361,ATL,39,40,30,25,36,28
34,Bryce Harper,11579,WSH,30,31,32,35,43,27
35,Johnny Cueto,6893,CIN,37,33,47,34,31,25
36,Justin Upton,5222,SD,33,47,35,38,47,39
37,Jon Lester,4930,CHC,54,42,44,37,41,40
38,Adrian Gonzalez,1908,LAD,49,36,36,46,56,42
39,Zack Greinke,1943,LAD,48,63,37,36,34,48
40,Corey Dickerson,10762,COL,44,38,42,40,52,55
41,George Springer,12856,HOU,38,28,49,48,53,56
42,Jose Reyes,1736,TOR,47,39,55,42,40,49
43,Adam Wainwright,2233,STL,55,49,43,60,33,36
44,Albert Pujols,1177,LAA,51,50,39,44,49,43
45,Aroldis Chapman,10233,CIN,41,55,50,41,38,57
46,Jordan Zimmermann,4505,WSH,59,44,54,43,42,45
47,Todd Frazier,785,CIN,36,45,51,71,39,53
48,Craig Kimbrel,6655,ATL,50,56,53,47,44,46
49,Matt Kemp,5631,SD,42,34,60,56,63,47
50,Cole Hamels,4972,PHI,60,53,46,51,45,50
51,Carlos Gonzalez,7287,COL,45,64,48,52,62,37
52,Billy Hamilton,10199,CIN,43,41,41,54,64,69
53,Evan Longoria,9368,TB,57,58,61,39,55,44
54,Victor Martinez,393,DET,46,52,64,49,76,32
55,Starling Marte,9241,PIT,35,48,58,45,58,92
56,Ian Kinsler,6195,DET,53,67,56,53,46,67
57,Nolan Arenado,9777,COL,52,43,59,72,66,54
58,Greg Holland,7196,KC,56,60,66,55,50,66
59,Dee Gordon,8203,MIA,40,46,62,79,59,78
60,Nelson Cruz,2434,SEA,63,66,65,58,48,65
61,Prince Fielder,4613,TEX,58,54,45,57,65,87
62,Matt Harvey,11713,NYM,67,57,71,61,54,60
63,Brian Dozier,9810,MIN,65,51,85,70,60,41
64,Yu Darvish,13074,TEX,64,59,34,122,37,68
65,Yoenis Cespedes,13110,DET,62,83,57,50,69,70
66,Kyle Seager,9785,SEA,61,82,67,65,68,52
67,Jeff Samardzija,3254,CWS,74,62,86,62,51,62
68,Hunter Pence,8252,SF,68,81,40,76,75,59
69,David Ortiz,745,BOS,91,71,52,59,81,58
70,Julio Teheran,6797,ATL,80,78,72,64,57,61
71,Joey Votto,4314,CIN,72,61,63,84,83,63
72,Jonathan Lucroy,7870,MIL,69,77,77,73,61,73
73,Carlos Santana,2396,CLE,76,76,69,78,79,64
74,Alex Cobb,6562,TB,82,73,75,63,71,79
75,Jason Kipnis,9776,CLE,71,74,94,68,70,93
76,Jason Heyward,4940,STL,79,69,76,85,100,71
77,Devin Mesoraco,5666,CIN,77,70,87,95,72,83
78,Matt Holliday,1873,STL,92,80,68,82,89,74
79,Sonny Gray,12768,OAK,85,109,84,66,67,75
80,James Shields,7059,SD,93,103,83,67,73,72
81,Chris Davis,9272,BAL,66,85,97,75,96,76
82,David Robertson,8241,CWS,73,87,82,89,78,94
83,Gerrit Cole,13125,PIT,83,79,100,77,85,86
84,Christian Yelich,11477,MIA,78,86,79,87,99,89
85,Jake Arrieta,4153,CHC,103,68,93,100,80,77
86,Masahiro Tanaka,15764,NYY,131,75,108,91,84,51
87,Kenley Jansen,3096,LAD,70,120,70,103,95,82
88,Evan Gattis,11003,HOU,86,65,113,93,91,110
89,Mark Melancon,4264,PIT,84,90,95,80,87,128
90,Hisashi Iwakuma,13048,SEA,100,102,78,115,74,99
91,Jacob DeGrom,10954,NYM,114,72,109,96,88,90
92,Charlie Blackmon,7859,COL,75,95,73,133,98,98
93,Dellin Betances,6216,NYY,81,89,96,108,90,108
94,Dustin Pedroia,8370,BOS,96,111,88,69,104,109
95,Trevor Rosenthal,10745,STL,106,106,104,86,94,81
96,Tyson Ross,7872,SD,98,101,106,90,86,102
97,Alex Wood,13781,ATL,101,99,103,135,77,80
98,Jay Bruce,9892,CIN,88,96,89,98,120,114
99,David Wright,3787,NYM,102,108,80,125,102,91
100,Kole Calhoun,11200,LAA,87,123,91,74,110,130
101,Carlos Carrasco,6632,CLE,112,93,127,107,82,101
102,Alexei Ramirez,5133,CWS,90,115,101,94,92,142
103,Alex Gordon,5209,KC,121,107,74,104,137,96
104,Gio Gonzalez,7448,WSH,122,130,98,83,103,113
105,Jorge Soler,14221,CHC,118,98,81,121,115,129
106,Salvador Perez,7304,KC,108,104,125,117,106,115
107,Yan Gomes,9627,CLE,89,118,116,138,97,123
108,J.D. Martinez,6184,DET,120,84,102,148,107,122
109,Mark Trumbo,6876,ARI,97,133,119,97,117,126
110,Josh Harrison,8202,PIT,94,128,128,139,116,88
111,Huston Street,8258,LAA,116,126,129,116,112,95
112,Ryan Zimmerman,4220,WSH,111,88,133,110,141,112
113,Cody Allen,12183,CLE,95,124,118,112,101,145
114,Matt Carpenter,8090,STL,135,145,110,99,123,85
115,Starlin Castro,4579,CHC,105,143,130,81,93,149
116,Chris Carter,9911,HOU,110,94,99,88,151,162
117,Kolten Wong,12532,STL,99,100,114,92,121,188
118,Koji Uehara,9227,BOS,128,131,111,105,111,139
119,Pablo Sandoval,5409,BOS,124,167,92,102,124,117
120,Steve Cishek,6483,MIA,109,127,136,129,114,124
121,Mookie Betts,13611,BOS,115,157,90,109,153,127
122,Lance Lynn,2520,STL,145,137,139,126,108,97
123,Elvis Andrus,8709,TEX,127,92,123,113,135,166
124,Marcell Ozuna,10324,MIA,129,117,115,111,144,148
125,Manny Machado,11493,BAL,138,119,124,101,166,121
126,Yadier Molina,7007,STL,130,142,107,127,113,155
127,Hyun-Jin Ryu,14444,LAD,149,152,131,114,118,118
128,Cliff Lee,1636,PHI,173,91,117,132,105,168
129,Fernando Rodney,494,SEA,134,141,140,123,142,106
130,Zach Britton,3240,BAL,125,112,158,143,130,125
131,Garrett Richards,9784,LAA,163,144,134,106,109,146
132,Drew Storen,6983,WSH,119,116,122,152,122,172
133,Justin Verlander,8700,DET,189,132,135,140,126,84
134,Brian McCann,4810,NYY,104,138,141,160,134,147
135,Ben Revere,4712,PHI,117,105,153,164,129,159
136,Rusney Castillo,17016,BOS,113,113,172,156,140,137
137,Jonathan Papelbon,5975,PHI,133,156,149,124,139,133
138,Daniel Murphy,4316,NYM,152,159,126,131,138,135
139,Ben Zobrist,7435,OAK,155,155,143,142,150,103
140,Neil Walker,7539,PIT,126,134,154,159,159,120
141,Brett Gardner,9927,NYY,141,178,105,120,160,154
142,Michael Wacha,14078,STL,172,121,160,119,145,141
143,Phil Hughes,7450,MIN,186,97,142,191,132,111
144,Glen Perkins,8041,MIN,139,153,137,145,128,157
145,Jimmy Rollins,971,LAD,165,160,152,130,127,132
146,Adam LaRoche,1904,CWS,142,136,148,162,167,116
147,Zack Wheeler,10310,NYM,148,139,181,147,154,105
148,Melky Cabrera,4022,CWS,164,114,185,144,165,104
149,Gregory Polanco,12907,PIT,123,110,199,137,171,144
150,Doug Fister,9425,WSH,150,179,145,134,125,156
151,Kris Bryant,sa549381,CHC,107,150,132,172,157,181
152,Lucas Duda,2502,NYM,137,140,165,153,156,150
153,Anibal Sanchez,3284,DET,191,168,112,150,136,152
154,Jered Weaver,4235,LAA,201,151,166,157,133,107
155,Yordano Ventura,11855,KC,146,174,156,171,131,138
156,Marcus Stroman,13431,TOR,157,169,167,169,119,136
157,Danny Santana,10322,MIN,132,125,177,213,168,119
158,Jayson Werth,1327,WSH,159,193,121,179,183,100
159,Andrew Cashner,8782,SD,171,158,138,155,143,173
160,Matt Adams,9393,STL,168,135,120,128,200,191
161,Matt Wieters,4298,BAL,136,147,168,185,148,171
162,Yasmany Tomas,17171,ARI,156,122,200,201,146,131
163,Ian Kennedy,6986,SD,180,146,164,175,161,151
164,Howie Kendrick,4229,LAD,167,129,176,168,180,164
165,Mat Latos,3815,MIA,187,181,144,149,149,174
166,Alex Rios,2090,KC,188,149,147,154,191,175
167,Brandon Moss,4467,CLE,162,163,161,141,204,182
168,Leonys Martin,11846,TEX,147,187,155,136,172,222
169,Joaquin Benoit,1437,SD,153,182,159,158,158,219
170,Chris Archer,6345,TB,190,202,146,146,155,195
171,Shin-Soo Choo,3174,TEX,166,185,150,194,170,169
172,Javier Baez,12979,CHC,143,161,184,196,202,170
173,Hector Rondon,2391,CHC,158,172,173,183,164,210
174,Jose Fernandez,11530,MIA,211,206,175,161,174,143
175,Eric Hosmer,3516,KC,154,194,157,166,216,183
176,Homer Bailey,8362,CIN,215,217,151,118,190,184
177,Wilin Rosario,8002,COL,151,166,169,203,163,223
178,Denard Span,8347,WSH,161,204,193,186,184,153
179,Xander Bogaerts,12161,BOS,160,189,180,176,189,189
180,Michael Pineda,5372,NYY,169,184,220,193,152,180
181,Jose Quintana,11423,CWS,208,192,183,190,194,134
182,Jean Segura,5933,MIL,140,154,251,195,162,199
183,Collin McHugh,7531,HOU,200,175,209,188,178,161
184,Justin Morneau,1737,COL,176,188,179,163,196,212
185,Drew Smyly,11760,TB,181,203,195,165,173,209
186,Sean Doolittle,1581,OAK,144,219,208,180,199,178
187,Alcides Escobar,6310,KC,177,171,215,200,169,200
188,A.J. Pollock,9256,ARI,183,164,212,167,231,176
189,Mike Fiers,7754,MIL,194,173,191,254,175,167
190,Wil Myers,10047,SD,170,205,198,174,217,192
191,Matt Shoemaker,4776,LAA,213,199,197,239,147,165
192,Santiago Casilla,2873,SF,192,197,170,215,193,194
193,Francisco Rodriguez,1642,MIL,197,198,203,181,179,204
194,Neftali Feliz,18,TEX,178,190,196,205,176,224
195,Francisco Liriano,3201,PIT,222,216,171,170,198,203
196,Joc Pederson,11899,LAD,195,148,243,206,201,198
197,Addison Reed,10586,ARI,182,210,194,224,192,193
198,Brandon Belt,10264,SF,175,176,162,263,197,226
199,Jhonny Peralta,1738,STL,193,240,187,197,186,208
200,Joe Nathan,1122,DET,230,239,221,177,207,140
201,Chase Utley,1679,PHI,218,226,163,151,242,214
202,Scott Kazmir,4897,OAK,246,191,192,219,210,160
203,Russell Martin,4616,TOR,174,196,190,218,182,281
204,Dallas Keuchel,9434,HOU,241,165,,199,181,163
205,Travis d'Arnaud,7739,NYM,179,162,266,292,185,186
206,Steve Pearce,9957,BAL,221,201,219,226,215,190
207,Jake McGee,7550,TB,199,235,201,178,257,206
208,Erick Aybar,4082,LAA,205,227,188,173,219,267
209,Lorenzo Cain,9077,KC,198,246,178,217,208,247
210,Aramis Ramirez,1002,MIL,206,261,182,189,211,252
211,Miguel Montero,3364,CHC,207,183,269,255,203,187
212,Wilson Ramos,1433,WSH,184,186,233,283,177,244
213,Khris Davis,9112,MIL,202,215,222,250,252,185
214,Jake Odorizzi,6397,TB,229,224,205,216,230,225
215,Matt Cain,4732,SF,239,234,206,182,228,243
216,Michael Cuddyer,1534,NYM,242,177,218,225,274,197
217,Avisail Garcia,5760,CWS,185,170,313,233,244,205
218,Andrew Miller,6785,NYY,250,237,254,192,218,201
219,Martin Prado,3312,MIA,203,242,265,187,254,228
220,Chris Tillman,5279,BAL,269,212,255,209,234,202
221,Rick Porcello,2717,BOS,283,263,217,204,222,196
222,Jenrry Mejia,8476,NYM,219,213,224,246,247,236
223,Tanner Roark,8753,WSH,271,223,211,288,188,207
224,Luke Gregerson,4090,HOU,235,225,204,264,226,242
225,Pedro Alvarez,2495,PIT,210,195,239,184,277,312
226,Yasmani Grandal,11368,LAD,196,211,304,243,205,254
227,Joe Mauer,1857,MIN,233,244,227,198,253,255
228,Marlon Byrd,950,CIN,223,262,213,238,239,238
229,Adam Eaton,11205,CWS,204,247,237,240,267,220
230,R.A. Dickey,1245,TOR,279,269,263,223,232,158
231,Mike Zunino,13265,SEA,212,209,262,269,248,237
232,James Paxton,11828,SEA,234,236,354,249,214,211
233,Tyler Clippard,5640,OAK,273,245,189,282,233,227
234,Danny Salazar,5867,CLE,225,207,276,277,251,213
235,Brandon McCarthy,4662,LAD,249,251,207,286,225,232
236,Austin Jackson,9848,SEA,238,218,186,241,316,271
237,Derek Holland,4141,TEX,237,221,,256,206,245
238,Oswaldo Arcia,10306,MIN,220,222,287,202,321,235
239,Curtis Granderson,4747,NYM,244,233,337,234,323,177
240,Wade Davis,7441,KC,268,279,235,228,303,179
241,Ken Giles,12910,PHI,228,258,339,212,250,241
242,Steven Souza,5667,TB,217,200,323,284,265,230
243,Ervin Santana,3200,MIN,300,259,214,274,238,216
244,Asdrubal Cabrera,4962,TB,216,231,322,278,209,268
245,Shelby Miller,10197,ATL,243,255,347,272,213,229
246,Carl Crawford,1201,LAD,209,238,321,220,264,292
247,Rajai Davis,3708,DET,236,314,223,231,272,265
248,Derek Norris,6867,SD,227,220,275,,236,270
249,John Lackey,1507,STL,276,285,210,285,243,231
250,Aaron Sanchez,11490,TOR,247,277,249,275,249,239
251,Drew Hutchison,10732,TOR,252,230,,257,255,248
252,Torii Hunter,731,MIN,270,287,174,244,293,283
253,Henderson Alvarez,5669,MIA,303,228,,253,241,233
254,Brandon Phillips,791,CIN,259,253,348,211,278,256
255,Rougned Odor,12282,TEX,253,248,326,207,337,250
256,Josh Hamilton,1875,LAA,258,273,226,,256,246
257,Kevin Gausman,14107,BAL,256,243,351,280,263,218
258,Mike Napoli,3057,BOS,254,254,216,237,340,348
259,Brett Lawrie,5247,OAK,214,265,252,247,285,302
260,Chase Headley,4720,NYY,226,229,308,273,325,234
261,Jedd Gyorko,10816,SD,224,272,325,214,270,308
262,Mike Minor,10021,ATL,302,208,,,269,215
263,Carlos Beltran,589,NYY,257,271,259,208,302,341
264,J.J. Hardy,3797,BAL,248,264,298,221,300,266
265,Brad Boxberger,10133,TB,231,278,271,270,268,282
266,Jung-Ho Kang,17182,PIT,297,270,278,232,240,285
267,Wily Peralta,7738,MIL,280,275,320,,227,221
268,Danny Duffy,3542,KC,266,281,284,279,221,274
269,Coco Crisp,1572,OAK,267,338,202,235,344,300
270,Michael Morse,3035,MIA,255,241,360,265,296,249
271,Taijuan Walker,11836,SEA,264,274,331,260,237,277
272,A.J. Burnett,512,PIT,320,341,,236,261,217
273,Carlos Martinez,9376,,294,282,332,266,223,253
274,Marcus Semien,12533,OAK,295,214,317,259,307,273
275,Billy Butler,7399,OAK,245,300,268,261,271,305
276,Ryan Howard,2154,PHI,293,292,293,230,294,260
277,Hiroki Kuroda,3283,NYY,484,,230,,229,402
278,Nick Markakis,5930,ATL,287,329,296,222,317,259
279,Andrelton Simmons,10847,ATL,286,339,225,252,370,318
280,Kyle Lohse,739,MIL,282,315,247,,259,280
281,Brett Cecil,2660,TOR,324,180,324,,304,290
282,Rafael Soriano,1100,WSH,344,,257,227,288,354
283,LaTroy Hawkins,729,COL,275,266,340,251,313,284
284,Scooter Gennett,10339,MIL,262,267,352,268,282,313
285,Sergio Romo,9817,SF,310,354,241,,299,240
286,Dalton Pompey,12797,TOR,260,260,346,271,295,298
287,Yusmeiro Petit,4020,SF,301,276,288,,220,315
288,Dioner Navarro,3179,TOR,281,328,228,,312,275
289,Wade Miley,8779,BOS,358,336,291,248,245,304
290,Clay Buchholz,3543,BOS,353,280,297,245,266,368
291,Josh Collmenter,7312,ARI,388,344,301,,187,376
292,Marco Estrada,1118,TOR,490,,,,195,521
293,Jonathan Broxton,4759,MIL,291,232,295,,289,295
294,Drew Pomeranz,11426,OAK,317,313,358,,246,258
295,CC Sabathia,404,NYY,355,302,290,229,287,311
296,Didi Gregorius,6012,NYY,411,,232,,276,421
297,Desmond Jennings,1965,TB,232,304,336,276,308,330
298,Casey Janssen,7355,WSH,362,,248,,262,324
299,Alex Rodriguez,1274,NYY,334,308,316,210,324,306
300,Jesse Chavez,5448,OAK,450,,,,212,439
301,Kennys Vargas,12101,MIN,274,250,366,,305,293
302,Carlos Rodon,sa598286,CWS,371,256,333,,283,279
303,Mark Teixeira,1281,NYY,288,317,289,242,311,331
304,Jason Castro,8722,HOU,263,257,309,,306,336
305,Kyle Hendricks,12049,CHC,289,288,330,,260,286
306,Nick Castellanos,11737,DET,261,295,365,291,357,278
307,Alfredo Simon,2155,DET,384,,310,,224,386
308,Yovani Gallardo,8173,TEX,336,316,,267,258,309
309,Trevor Bauer,12703,CLE,314,286,,,290,251
310,Josh Reddick,3892,OAK,284,291,277,,,276
311,Nathan Eovaldi,9132,NYY,366,342,357,258,322,269
312,Arismendy Alcantara,10711,CHC,240,311,370,289,320,314
313,Jarrod Saltalamacchia,5557,MIA,304,318,229,,309,375
314,Joe Panik,11936,SF,369,365,234,,347,296
315,Kurt Suzuki,8259,MIN,335,307,231,,360,357
316,Wei-Yin Chen,13071,BAL,338,352,,,235,299
317,Tony Watson,3132,PIT,440,,273,,,261
318,Omar Infante,1609,KC,330,,236,,,369
319,Brandon Crawford,5343,SF,347,,238,,,323
320,Byron Buxton,sa657851,MIN,419,284,300,,367,257
321,Juan Uribe,454,LAD,451,,240,,,488
322,Brock Holt,9345,BOS,448,,242,,,467
323,Justin Turner,5235,LAD,,,244,,,562
324,Kelvin Herrera,6033,KC,,,245,,,458
325,Tim Lincecum,5705,SF,442,346,267,,279,352
326,Dustin Ackley,10099,SEA,322,327,246,,,321
327,Shane Victorino,1677,BOS,343,249,,,,417
328,Joe Smith,3281,LAA,387,382,286,,338,264
329,Stephen Vogt,5000,OAK,321,364,250,,334,335
330,Chris Owings,10030,ARI,251,331,,,319,328
331,Maikel Franco,12179,PHI,404,252,,,,453
332,Mike Moustakas,4892,KC,315,373,253,,,326
333,Mark Buehrle,225,TOR,445,,281,,275,378
334,Mike Aviles,5986,CLE,479,,256,,,503
335,Jarrod Dyson,4866,KC,333,363,294,,358,263
336,David Freese,9549,LAA,390,,258,,,433
337,Jon Jay,5227,STL,389,,260,,,389
338,Emilio Bonifacio,4054,CWS,311,,261,,333,340
339,Tim Hudson,921,SF,395,,270,,292,374
340,Bobby Parnell,9926,NYM,375,360,362,262,328,381
341,Jake Peavy,1051,SF,326,347,,,310,262
342,Dexter Fowler,4062,CHC,265,298,315,,315,337
343,Adam Lind,8027,MIL,277,345,328,287,332,301
344,Josh Rutledge,11167,LAA,391,378,264,,,456
345,Tony Cingrani,12555,CIN,341,268,349,,297,350
346,Trevor Plouffe,7462,MIN,278,305,338,,314,288
347,Aaron Hill,6104,ARI,292,294,369,281,354,320
348,Pat Neshek,4682,HOU,423,322,279,,,291
349,Chris Johnson,1191,ATL,381,,272,,,379
350,John Jaso,5887,TB,272,309,,,301,333
351,Lucas Giolito,sa657908,WSH,,,,,,272
352,Edinson Volquez,3990,KC,382,,312,,273,377
353,Matt Garza,3340,MIL,319,343,,290,284,358
354,Casey McGehee,6086,SF,380,375,274,,,353
355,Jimmy Nelson,10547,MIL,378,299,,,280,407
356,Michael Saunders,9981,TOR,285,306,367,,342,294
357,Mike Leake,10130,CIN,350,376,314,,291,289
358,Joe Kelly,9761,BOS,465,,280,,,526
359,Jason Hammel,4538,CHC,308,323,,,281,360
360,Darren O'Day,3321,BAL,485,319,282,,,325
361,C.J. Wilson,3580,LAA,364,358,341,,286,297
362,Luis Valbuena,4969,HOU,367,,283,,,380
363,Jed Lowrie,4418,HOU,316,283,359,,361,307
364,Angel Pagan,2918,SF,296,289,335,,331,310
365,Jordy Mercer,6547,PIT,328,,285,,,405
366,B.J. Upton,5015,ATL,360,380,,,,287
367,Noah Syndergaard,sa548169,NYM,332,290,302,,352,317
368,Joakim Soria,6941,DET,290,320,345,,343,319
369,James Loney,4556,TB,352,348,292,,,332
370,Jose Ramirez,13510,CLE,339,293,353,,,355
371,Archie Bradley,sa597753,ARI,416,296,,,,364
372,Shane Greene,10756,DET,379,297,329,,,303
373,Jarred Cosart,10304,MIA,370,,,,298,382
374,Jesse Hahn,13287,OAK,298,312,355,,327,343
375,Brad Miller,12775,SEA,372,374,299,,,426
376,Lonnie Chisenhall,7571,CLE,299,383,364,,329,349
377,Anthony Gose,5097,DET,354,301,,,,455
378,Jonathan Schoop,11265,BAL,348,,303,,,409
379,Robinson Chirinos,3142,TEX,313,303,,,362,404
380,Patrick Corbin,9323,ARI,,,305,,,543
381,Tyler Flowers,9134,CWS,305,,,,326,435
382,Alejandro De Aza,3371,BAL,309,384,306,,368,347
383,Kevin Quackenbush,12360,SD,306,356,350,,359,322
384,Domonic Brown,3154,PHI,323,369,307,,364,367
385,Drew Stubbs,9328,COL,307,334,361,,330,342
386,Francisco Lindor,sa597754,CLE,386,310,,,355,339
387,Michael Bourn,6387,CLE,329,337,311,,336,363
388,Nori Aoki,13075,SF,312,350,356,,,338
389,Bartolo Colon,375,NYM,421,,,,,316
390,Rene Rivera,3648,TB,361,,,,318,454
391,Juan Lagares,5384,NYM,318,349,,,,400
392,Colby Rasmus,9893,HOU,337,361,318,,,359
393,Bud Norris,9492,BAL,357,,319,,349,334
394,Kendrys Morales,8610,KC,327,321,,,,406
395,Eric Young,7158,NYM,453,324,,,,607
396,Allen Craig,3433,BOS,325,325,344,,351,329
397,Andrew Heaney,15423,LAA,345,326,,,345,361
398,Everth Cabrera,8155,BAL,356,353,327,,346,452
399,Jason Vargas,8044,KC,407,,,,,327
400,Daniel Norris,13475,TOR,433,330,,,,424
401,C.J. Cron,12546,LAA,331,,,,363,393
402,Peter O'Brien,sa577327,ARI,,332,,,,648
403,Travis Snider,2830,BAL,403,333,,,,460
404,Matt Moore,1890,TB,432,,334,,,418
405,Ryan Rua,12409,TEX,482,335,,,,500
406,Jose Peraza,sa596851,ATL,340,,,,335,391
407,Christian Bethancourt,10028,ATL,393,,,,339,457
408,Brandon League,3731,LAD,,340,,,,625
409,Chris Iannetta,8267,LAA,351,,,,341,430
410,Chad Qualls,2170,HOU,373,,342,,366,427
411,Jon Niese,4424,NYM,342,,,,350,346
412,Jorge De La Rosa,2047,COL,412,,343,,,383
413,Carlos Rivero,1136,SEA,,,,,,345
414,Carlos Ruiz,2579,PHI,346,359,,,356,448
415,Joel Peralta,2332,LAD,,,,,348,574
416,David Peralta,2136,ARI,349,381,,,,429
417,Micah Johnson,sa621496,CWS,444,351,,,,541
418,Zack Cozart,2616,CIN,477,,,,,351
419,Wilmer Flores,5827,NYM,365,366,,,353,461
420,Logan Morrison,9205,SEA,374,355,,,,444
421,Brett Anderson,8223,LAD,392,357,,,365,464
422,Alex Avila,7476,DET,359,,,,369,440
423,Jason Motte,5861,CHC,,362,,,,550
424,Aaron Harang,1451,PHI,,,,,,362
425,Andre Ethier,6265,LAD,478,,363,,,530
426,DJ LeMahieu,9874,COL,363,,,,,446
427,Francisco Cervelli,5275,PIT,376,371,,,,365
428,Seth Smith,7331,SEA,399,,,,,366
429,Yonder Alonso,2530,SD,414,367,,,,474
430,Kevin Jepsen,6475,TB,,368,,,,478
431,Kevin Kiermaier,11038,TB,368,,,,,419
432,Jon Singleton,10441,HOU,377,370,368,,,395
433,Conor Gillaspie,9009,CWS,425,,,,,370
434,Jeremy Guthrie,2072,KC,,,,,,371
435,Jake Marisnick,11339,HOU,385,372,,,,470
436,Max Fried,sa657860,ATL,,,,,,372
437,Justin Masterson,2038,BOS,400,377,,,,408
438,Nick Swisher,4599,CLE,426,379,,,,477
439,Dayan Viciedo,3917,CWS,383,,,,,396
440,Yangervis Solarte,5352,SD,398,,,,,384
441,Rex Brothers,9794,COL,,385,,,,597
442,Addison Russell,sa657862,OAK,454,,,,,385
443,Joey Gallo,sa657856,TEX,475,,,,,387
444,Ender Inciarte,4922,ARI,396,,,,,388
445,Bubba Starling,sa597751,KC,,,,,,390
446,Carlos Correa,sa657850,HOU,,,,,,392
447,Jordan Schafer,9883,MIN,417,,,,,394
448,Dylan Bundy,12917,BAL,394,,,,,397
449,Dan Haren,1757,MIA,397,,,,,445
450,Tyler Glasnow,sa597835,PIT,,,,,,398
451,Tom Koehler,6570,MIA,429,,,,,399
452,Michael McKenry,9628,COL,401,,,,,520
453,Jurickson Profar,10815,TEX,434,,,,,401
454,Roenis Elias,12673,SEA,402,,,,,501
455,James Jones,9767,SEA,492,,,,,403
456,T.J. House,9121,CLE,405,,,,,471
457,Matt Joyce,3353,LAA,406,,,,,411
458,Nick Hundley,3376,COL,408,,,,,493
459,Josmil Pinto,6806,MIN,409,,,,,441
460,Christian Vazquez,,BOS,410,,,,,480
461,Miguel Sano,sa548088,MIN,466,,,,,410
462,Mark Reynolds,7619,STL,472,,,,,412
463,Jacob Lamb,13329,ARI,439,,,,,413
464,Garrett Jones,2714,NYY,413,,,,,438
465,Reese McGuire,sa737505,PIT,,,,,,414
466,Alexi Amarista,9063,SD,415,,,,,431
467,Neil Ramirez,7677,CHC,,,,,,415
468,Clint Frazier,,CLE,,,,,,416
469,Danny Farquhar,8501,SEA,418,,,,,449
470,Adeiny Hechavarria,10459,MIA,420,,,,,425
471,Neal Cotts,1797,MIL,,,,,,420
472,Welington Castillo,3256,CHC,422,,,,,540
473,Hunter Harvey,sa737510,BAL,,,,,,422
474,Albert Almora,sa657859,CHC,,,,,,423
475,Alex Guerrero,15670,LAD,424,,,,,552
476,Scott Van Slyke,4365,LAD,427,,,,,498
477,Michael Taylor,,WSH,428,,,,,499
478,Julio Urias,sa736324,LAD,,,,,,428
479,Adam Ottavino,1247,COL,430,,,,,529
480,Chris Coghlan,6878,CHC,431,,,,,494
481,Jon Gray,sa549112,COL,,,,,,432
482,Miguel Gonzalez,,BAL,452,,,,,434
483,Jeremy Hellickson,4371,ARI,435,,,,,566
484,Jose Iglesias,10231,DET,436,,,,,513
485,Jorge Alfaro,sa551307,TEX,,,,,,436
486,Mitch Moreland,3086,TEX,437,,,,,508
487,Stephen Drew,4251,NYY,438,,,,,504
488,Nick Franklin,10166,TB,441,,,,,538
489,Blake Swihart,sa597790,BOS,500,,,,,442
490,Cody Asche,11997,PHI,443,,,,,515
491,Justin Smoak,9054,TOR,446,,,,,443
492,Ike Davis,8433,OAK,447,,,,,475
493,Jeurys Familia,5114,NYM,458,,,,,447
494,Chase Anderson,6895,ARI,449,,,,,542
495,A.J. Ramos,8350,MIA,,,,,,450
496,Jordan Walden,3271,STL,459,,,,,451
497,J.A. Happ,7410,SEA,455,,,,,479
498,Yunel Escobar,4191,WSH,456,,,,,511
499,Vance Worley,6435,PIT,457,,,,,505
500,Brad Ziegler,7293,ARI,,,,,,459
501,A.J. Pierzynski,746,ATL,460,,,,,560
502,Gerardo Parra,8553,MIL,461,,,,,512
503,Tsuyoshi Wada,13046,CHC,462,,,,,528
504,Mike Morin,13442,LAA,,,,,,462
505,Will Middlebrooks,7002,SD,463,,,,,555
506,Corey Knebel,15010,MIL,,,,,,463
507,Dillon Gee,7396,NYM,464,,,,,522
508,Kyle Crick,sa597770,SF,,,,,,465
509,Mike Dunn,9948,MIA,,,,,,466
510,Rubby De La Rosa,3862,ARI,467,,,,,564
511,Gregor Blanco,3123,SF,468,,,,,536
512,Yoan Lopez,,ARI,,,,,,468
513,Odrisamer Despaigne,16017,SD,469,,,,,567
514,Brandon Finnegan,16208,KC,,,,,,469
515,Marco Gonzales,15467,STL,470,,,,,548
516,Kyle Gibson,10123,MIN,471,,,,,573
517,Will Smith,8048,MIL,,,,,,472
518,Edward Mujica,3970,BOS,473,,,,,558
519,Mark Appel,sa501726,HOU,,,,,,473
520,Andrew Susac,13132,SF,474,,,,,604
521,Josh Phegley,9308,OAK,476,,,,,589
522,Kyle Crockett,15033,CLE,,,,,,476
523,Jonathan Villar,10071,HOU,480,,,,,615
524,Brandon Morrow,9346,SD,481,,,,,598
525,Stephen Piscotty,sa503644,STL,,,,,,481
526,David Dahl,sa657861,COL,,,,,,482
527,Will Venable,211,SD,483,,,,,572
528,Matt Olson,sa657863,OAK,,,,,,483
529,J.P. Howell,8245,LAD,,,,,,484
530,Bryan Shaw,8110,CLE,,,,,,485
531,Kris Medlen,9417,KC,486,,,,,557
532,Jean Machi,3220,SF,,,,,,486
533,Charlie Morton,4676,PIT,487,,,,,596
534,Pedro Strop,4070,CHC,,,,,,487
535,Hank Conger,2505,HOU,488,,,,,611
536,Matt Dominguez,4903,HOU,489,,,,,591
537,Anthony Ranaudo,11424,TEX,,,,,,489
538,Corey Seager,sa657913,LAD,,,,,,490
539,Craig Gentry,9571,OAK,491,,,,,590
540,Lance McCullers,sa657858,HOU,,,,,,491
541,Junichi Tazawa,4079,BOS,,,,,,492
542,Devon Travis,sa578013,TOR,493,,,,,680
543,Randal Grichuk,10243,STL,494,,,,,602
544,Kendall Graveman,15514,OAK,495,,,,,559
545,Antonio Bastardo,8844,PIT,,,,,,495
546,Alex Meyer,sa455438,MIN,496,,,,,628
547,Anthony DeSclafani,13050,CIN,,,,,,496
548,Delmon Young,2140,BAL,497,,,,,568
549,Matt Thornton,1918,WSH,,,,,,497
550,Ryan Vogelsong,1011,SF,498,,,,,658
551,Alexander Colome,,TB,499,,,,,571
552,Al Alburquerque,6324,DET,,,,,,502
553,Jeff Locke,2929,PIT,,,,,,506
554,Justin Nicolino,sa548278,MIA,,,,,,507
555,Hector Olivera,,,,,,,,509
556,Jason Grilli,521,ATL,,,,,,510
557,Steven Matz,sa500832,NYM,,,,,,514
558,Tom Wilhelmsen,9975,SEA,,,,,,516
559,Kyle Schwarber,,CHC,,,,,,517
560,Shae Simmons,14200,ATL,,,,,,518
561,Mike Olt,10698,CHC,,,,,,519
562,Jerome Williams,1137,PHI,,,,,,523
563,Tommy Hunter,1157,BAL,,,,,,524
564,Juan Nicasio,7731,LAD,,,,,,525
565,Zach Duke,3840,CWS,,,,,,527
566,Josh Bell,2510,SD,,,,,,531
567,Mike Foltynewicz,10811,ATL,,,,,,532
568,Yoan Moncada,,BOS,,,,,,533
569,Adam Warren,9029,NYY,,,,,,534
570,J.P. Crawford,sa737507,PHI,,,,,,535
571,Seth Maness,12235,STL,,,,,,537
572,Robert Stephenson,sa597792,CIN,,,,,,539
573,Ryan Cook,8855,OAK,,,,,,544
574,Dilson Herrera,14335,NYM,,,,,,545
575,Dominic Leone,13763,SEA,,,,,,546
576,Lucas Sims,sa657914,ATL,,,,,,547
577,Scott Atchison,2642,CLE,,,,,,549
578,Jake Diekman,5003,PHI,,,,,,551
579,A.J. Ellis,5677,LAD,,,,,,553
580,Orlando Arcia,sa596917,MIL,,,,,,554
581,Sam Fuld,8254,OAK,,,,,,556
582,Casey Fien,3926,MIN,,,,,,561
583,D.J. Peterson,sa549926,SEA,,,,,,563
584,Chris Bassitt,12304,OAK,,,,,,565
585,Jesse Winker,sa657865,CIN,,,,,,569
586,Cole Figueroa,8790,TB,,,,,,570
587,Chris Taylor,13757,SEA,,,,,,575
588,Dan Otero,7385,OAK,,,,,,576
589,Gavin Floyd,3886,CLE,,,,,,577
590,Ross Detwiler,2859,TEX,,,,,,578
591,Eric O'Flaherty,5746,OAK,,,,,,579
592,Eduardo Escobar,6153,MIN,,,,,,580
593,Nick Vincent,7555,SD,,,,,,581
594,Hunter Strickland,7836,SF,,,,,,582
595,Rickie Weeks,1849,SEA,,,,,,583
596,David Murphy,6035,CLE,,,,,,584
597,Kevin Plawecki,sa621652,NYM,,,,,,585
598,John Axford,9059,COL,,,,,,586
599,Ichiro Suzuki,1101,MIA,,,,,,587
600,Joba Chamberlain,2692,DET,,,,,,588
601,Travis Wood,9884,CHC,,,,,,592
602,Alberto Callaspo,3336,ATL,,,,,,593
603,Charlie Furbush,1370,SEA,,,,,,594
604,Darin Ruf,9929,PHI,,,,,,595
605,Bruce Rondon,5766,DET,,,,,,599
606,Jose Diaz,,CIN,,,,,,600
607,Jake Petricka,10534,CWS,,,,,,601
608,Yoervis Medina,10498,SEA,,,,,,603
609,Henry Owens,sa597755,BOS,,,,,,605
610,Brayan Pena,3231,CIN,,,,,,606
611,James McCann,12859,DET,,,,,,608
612,Caleb Joseph,7087,BAL,,,,,,609
613,J.P. Arencibia,697,BAL,,,,,,610
614,Allen Webster,3993,ARI,,,,,,612
615,Zach Walters,10622,CLE,,,,,,613
616,Aaron Hicks,5297,MIN,,,,,,614
617,Delino DeShields,,TEX,,,,,,616
618,Matthew Wisler,sa601046,SD,,,,,,617
619,Rafael Montero,12760,NYM,,,,,,618
620,Jaime Garcia,8137,STL,,,,,,619
621,Randall Delgado,5985,ARI,,,,,,620
622,Ryan Flaherty,7888,BAL,,,,,,621
623,Jeff Baker,2073,MIA,,,,,,622
624,Carlos Torres,7624,NYM,,,,,,623
625,David Carpenter,,NYY,,,,,,624
626,A.J. Griffin,11132,OAK,,,,,,626
627,David Hale,9756,COL,,,,,,627
628,Chris Capuano,1701,NYY,,,,,,629
629,Brandon Beachy,8851,LAD,,,,,,630
630,Zach Putnam,9080,CWS,,,,,,631
631,Justin Bour,9744,MIA,,,,,,632
632,Jose Lobaton,4243,WSH,,,,,,633
633,Jeremy Affeldt,583,SF,,,,,,634
634,Justin Ruggiano,7620,SEA,,,,,,635
635,Scott Feldman,6283,HOU,,,,,,636
636,Christian Colon,11145,KC,,,,,,637
637,David Phelps,6316,MIA,,,,,,638
638,Kyuji Fujikawa,14443,TEX,,,,,,639
639,Robbie Erlin,10354,SD,,,,,,640
640,Steven Rodriguez,sa598488,LAD,,,,,,641
641,Chris Young,,NYY,,,,,,642
642,Peter Bourjos,2578,STL,,,,,,643
643,Patrick Kivlehan,sa657983,SEA,,,,,,644
644,Tuffy Gosewisch,5277,ARI,,,,,,645
645,Chad Billingsley,5842,PHI,,,,,,646
646,Jesus Montero,,SEA,,,,,,647
647,Trevor Cahill,6249,ARI,,,,,,649
648,Cory Luebke,1984,SD,,,,,,650
649,Josh Tomlin,9388,CLE,,,,,,651
650,Hector Santiago,4026,LAA,,,,,,652
651,Brad Brach,6627,BAL,,,,,,653
652,Joe Wieland,6109,LAD,,,,,,654
653,Robbie Grossman,5254,HOU,,,,,,655
654,Justin De Fratus,4955,PHI,,,,,,656
655,Rymer Liriano,4779,SD,,,,,,657
656,Corey Hart,1945,PIT,,,,,,659
657,Eduardo Nunez,6848,MIN,,,,,,660
658,Carlos Sanchez,,CWS,,,,,,661
659,Luke Hochevar,6943,KC,,,,,,662
660,Michael Choice,11376,TEX,,,,,,663
661,Tony Sipp,8280,HOU,,,,,,664
662,Jarrod Parker,4913,OAK,,,,,,665
663,Carlos Quentin,6274,SD,,,,,,666
664,Manuel Banuelos,,ATL,,,,,,667
665,Cam Bedrosian,13360,LAA,,,,,,668
666,Brian Matusz,2646,BAL,,,,,,669
667,Evan Marshall,12297,ARI,,,,,,670
668,Nate McLouth,3190,WSH,,,,,,671
669,Juan Francisco,6978,TOR,,,,,,672
670,Greg Bird,sa597899,NYY,,,,,,673
671,Tommy La Stella,12371,CHC,,,,,,674
672,Brandon Guyer,2636,TB,,,,,,675
673,Casey Kelly,9174,SD,,,,,,676
674,Jake Smolinski,5408,TEX,,,,,,677
675,Steven Moya,11854,DET,,,,,,678
676,Geovany Soto,3707,OAK,,,,,,679
677,Antoan Richardson,209,TEX,,,,,,681
678,John Danks,6329,CWS,,,,,,682
679,Danny Espinosa,9219,WSH,,,,,,683
680,Danny Hultzen,sa455118,SEA,,,,,,684
681,Ryan Hanigan,4952,BOS,,,,,,685
682,Dan Straily,9460,HOU,,,,,,686
683,Edwin Jackson,1841,CHC,,,,,,687
684,Aaron Loup,10343,TOR,,,,,,688
685,Jordan Lyles,7593,COL,,,,,,689
686,Jonny Gomes,1845,ATL,,,,,,690
687,Robert Refsnyder,sa621680,NYY,,,,,,691
688,Munenori Kawasaki,13047,TOR,,,,,,692
689,Cory Rasmus,2413,LAA,,,,,,693
690,Ubaldo Jimenez,3374,BAL,,,,,,694
691,Gordon Beckham,9015,CWS,,,,,,695
692,Kyle Blanks,49,OAK,,,,,,696
693,Martin Maldonado,6887,MIL,,,,,,697
694,Jose Berrios,sa657852,MIN,,,,,,698
695,Kevin Pillar,12434,TOR,,,,,,700
696,A.J. Cole,sa548284,WSH,,,,,,701
697,Colby Lewis,1259,TEX,,,,,,702
698,Grady Sizemore,2197,PHI,,,,,,703
699,Josh Johnson,4567,SD,,,,,,704
700,Dale Thayer,5032,SD,,,,,,705
701,Ernesto Frieri,5178,TB,,,,,,706
702,Alexi Ogando,10261,BOS,,,,,,707
703,Domingo Santana,10348,HOU,,,,,,708
704,Tomas Telis,10067,TEX,,,,,,709
705,Aaron Crow,10149,MIA,,,,,,710
706,Cameron Maybin,5223,SD,,,,,,711
707,Michael Taylor,,CWS,,,,,,712
708,Sean Nolin,11341,OAK,,,,,,713
709,Ivan Nova,1994,NYY,,,,,,714
710,Raicel Iglesias,,,,,,,,715
711,Daniel Descalso,8392,COL,,,,,,716
712,Collin Cowgill,7250,LAA,,,,,,717
713,J.R. Murphy,,NYY,,,,,,718
714,Vidal Nuno,9674,ARI,,,,,,719
715,Shawn Kelley,7773,SD,,,,,,720
716,Daniel Nava,5450,BOS,,,,,,721
717,Chris Stewart,3878,PIT,,,,,,722
718,Freddy Galvis,6609,PHI,,,,,,723
719,Andrew Lambo,5386,PIT,,,,,,724
720,Ben Paulsen,9741,COL,,,,,,725
721,Grant Green,10053,LAA,,,,,,726
722,Mark Canha,sa526811,OAK,,,,,,727
723,Tommy Milone,7608,MIN,,,,,,728
724,Charlie Culberson,3298,COL,,,,,,729
725,Danny Valencia,6364,TOR,,,,,,730
726,Cory Spangenberg,12294,SD,,,,,,731
727,Shawn Tolleson,10481,TEX,,,,,,732
728,Brandon Barnes,629,COL,,,,,,733
729,Jeremy Jeffress,9490,MIL,,,,,,734
730,Carlos Corporan,5587,TEX,,,,,,735
731,Logan Forsythe,7185,TB,,,,,,736
732,Trevor May,6398,MIN,,,,,,737
733,John Holdzkom,9392,PIT,,,,,,738
734,Grant Balfour,718,TB,,,,,,739
735,Ricky Nolasco,3830,MIN,,,,,,740
736,Tyler Matzek,10058,COL,,,,,,741
737,Nick Tropeano,sa577919,LAA,,,,,,742
738,John Mayberry,3390,NYM,,,,,,743
739,Jackie Bradley Jr.,12984,BOS,,,,,,744
740,Jared Hughes,9325,PIT,,,,,,745
741,Tyler Moore,7244,WSH,,,,,,746
742,Luis Severino,sa657781,NYY,,,,,,747
743,J.T. Realmuto,11739,MIA,,,,,,748
744,Hector Noesi,3292,CWS,,,,,,749
745,Travis Ishikawa,4793,SF,,,,,,750
746,David DeJesus,1825,TB,,,,,,751
747,Ryan Ludwick,1260,CIN,,,,,,752
748,Tommy Medica,11147,SD,,,,,,753
749,Sean Rodriguez,6589,PIT,,,,,,754
750,Brett Oberholtzer,3855,HOU,,,,,,755
751,Steve Tolleson,4450,TOR,,,,,,756
752,David Buchanan,11176,PHI,,,,,,757
753,Jose Pirela,5485,NYY,,,,,,758
754,Odubel Herrera,sa505987,PHI,,,,,,759
755,Nate Karns,12638,TB,,,,,,760
756,Jesus Sucre,5942,SEA,,,,,,761
757,Aaron Judge,,NYY,,,,,,762
758,Mike Carp,7480,TEX,,,,,,763
759,Carter Capps,12803,MIA,,,,,,764
760,Jesus Aguilar,11342,CLE,,,,,,765
761,Christian Walker,13419,BAL,,,,,,766
762,Eric Sogard,7927,OAK,,,,,,767
763,Max Stassi,10059,HOU,,,,,,768
764,Chris Denorfia,4400,CHC,,,,,,769
765,Wandy Rodriguez,2586,PIT,,,,,,770
766,Joaquin Arias,3817,SF,,,,,,771
767,Jordan Pacheco,2677,ARI,,,,,,772
768,Andruw Jones,96,,,,,,,773
769,Aaron Barrett,11243,WSH,,,,,,774
770,Chris Parmelee,2554,MIN,,,,,,775
771,Cheslor Cuthbert,sa549634,KC,,,,,,776
772,Jace Peterson,12325,ATL,,,,,,777
773,Dan Uggla,3442,SF,,,,,,778
774,Marwin Gonzalez,5497,HOU,,,,,,779
775,Zoilo Almonte,6732,ATL,,,,,,780
776,Nate Schierholtz,6201,WSH,,,,,,781
777,Eugenio Suarez,12552,CIN,,,,,,782
778,Billy Burns,12701,OAK,,,,,,783
779,Jhoulys Chacin,2608,COL,,,,,,784
780,Kirk Nieuwenhuis,6400,NYM,,,,,,785
781,Erasmo Ramirez,10314,SEA,,,,,,786
782,Garin Cecchini,11608,BOS,,,,,,787
783,Adam Rosales,9682,TEX,,,,,,788
784,Alexi Casilla,5248,BAL,,,,,,789
785,Kelly Johnson,2234,BAL,,,,,,790
786,David Lough,7215,BAL,,,,,,791
787,Brandon Maurer,4878,SD,,,,,,792
788,Maicer Izturis,2437,TOR,,,,,,793
789,Chris Hatcher,3299,LAD,,,,,,794
790,L.J. Hoes,6656,HOU,,,,,,795
791,Chris Colabello,13051,TOR,,,,,,796
792,Luis Sardinas,13153,MIL,,,,,,797
793,Junior Lake,4672,CHC,,,,,,798
794,Jim Johnson,3656,ATL,,,,,,799
795,Josh Fields,5070,HOU,,,,,,800
796,Giovanny Urshela,sa505997,CLE,,,,,,801
797,Ruben Tejada,5519,NYM,,,,,,802
798,Mallex Smith,sa599039,ATL,,,,,,803
799,Eddie Butler,13453,COL,,,,,,804
800,Brad Peacock,5401,HOU,,,,,,805
801,Bryan Morris,10234,MIA,,,,,,806
802,Jameson Taillon,sa548151,PIT,,,,,,807
803,Chris Heisey,3978,LAD,,,,,,808
804,Kyle Kendrick,6230,COL,,,,,,809
805,Cliff Pennington,3395,ARI,,,,,,810
806,David Ross,1551,CHC,,,,,,811
807,Anthony Recker,4063,NYM,,,,,,812
808,Fernando Abad,4994,OAK,,,,,,813
809,Kyle Kubitza,sa597865,LAA,,,,,,814
810,Jim Henderson,6653,MIL,,,,,,815
811,Tony Sanchez,6178,PIT,,,,,,817
812,Adam Duvall,10950,SF,,,,,,818
813,Kristopher Negron,5306,CIN,,,,,,819
814,Johan Santana,755,BAL,,,,,,820
815,Kyle Parker,11763,COL,,,,,,821
816,Tanner Scheppers,10267,TEX,,,,,,822
817,Kyle Lobstein,9178,DET,,,,,,823
818,Cody Ross,1760,ARI,,,,,,824
819,Frank Montas,,CWS,,,,,,825
820,Vic Black,9195,NYM,,,,,,827
821,Miguel Alfredo Gonzalez,,PHI,,,,,,828
822,Scott Sizemore,2881,NYY,,,,,,829
823,Brad Hand,9111,MIA,,,,,,830
824,Matt Clark,sa392204,MIL,,,,,,831
825,Jimmy Paredes,5481,BAL,,,,,,832
826,Scott Baker,6176,TEX,,,,,,833
827,Nick Tepesch,11716,TEX,,,,,,834
